Carimbo de data/hora,Avaliador(a) 1,Avaliador(a) 2,Data,Hora Início,Trecho Avaliado,Início do trecho,Fim do trecho,1. TIPO DE ESTRUTURA,2. FLUXO DA ESTRUTURA,3. FLUXO DA VIA ,4. LOCALIZAÇÃO DA ESTRUTURA,Velocidade máxima (km/h),Faixas de rolamento contíguas à estrutura. Quantidade:,6. TIPO DE SEGREGADORES,7. PROTEÇÃO CONTRA INVASÃO DE AUTOMÓVEL,8.1 Segregadores,Qtde de acessos:,Qtde Vias transversais COM acesso:,Qtde Vias transversais SEM acesso:,Quantidade de acessos aplicabilidade:,9.1 Tipo de pavimento,9.2 Situação de conservação do pavimento,10. SINUOSIDADE,11. SOMBREAMENTO,12. SITUAÇÕES DE RISCO (RELATIVAS A AUTOMÓVEIS),Paradas de ônibus ao longo,Cruzamentos com veículos em curva de ângulo aberto e sem tratamento de redução de velocidade,Trajeto de conversão permite invasão de automóvel de trecho de linha contínua da estrutura,Troca lado da estrutura sem redutores de velocidade ou semáforos,Conversão à esquerda de automóvel com invisibilidade de ciclista,Fim repentino de estrutura no contrafluxo,Outras situações de risco,Total de situações de risco,13. OBSTÁCULOS PERMANENTES (RELATIVOS AO ASFALTO),Bueiros,Raízes,Buracos,Valas profundas ao longo da estrutura,Desníveis,Outros obstáculos,Total de obstáculos,"Se valas, largura desta",Largura da área transitável da estrutura (metros):,Largura da faixa de amortecimento da estrutura (cm):,Largura da faixa de rolamento contígua à estrutura (metros):,Largura total da VIA incluindo a estrutura (metros):,Estacionamento:,15. CONTROLE DA VELOCIDADE MÁXIMA DA VIA,Sinalização VERTICAL. Qtde,Sinalização HORIZONTAL. Qtde,Travessia de pedestre em nível. Qtde,Lombadas físicas. Qtde,Radar/Lombada Eletrônica. Qtde,Outros elementos (nome do elemento e Qtde),16.1 Indicação de início (placa R-34),16.2 Indicação de fim (placa R-34),16.3 Indicação AO LONGO da estrutura (placa R-34). Qtde:,16.4 Indicação de travessias cicloviárias nas VIAS TRANSVERSAIS Travessias COM,16.4 Indicação de travessias cicloviárias nas VIAS TRANSVERSAIS Travessias SEM,17.1 Padrão de pintura vermelha,17.2 Situação da pintura vermelha ,"Existem, em boas condições. Qtde:","Existem, parcialmente apagados. Qtde:",Travessia sem pintura. Qtde:,17.4 Pictogramas ao longo do trecho,"Existem, em boas condições. Qtde:","Existem, parcialmente apagados. Qtde",17.5 Setas ao longo da estrutura,"Existem, em boas condições. Qtde:","Existem, parcialmente apagadas. Qtde: ",Dedicada para ciclistas. Qtde:,Geral na via do mesmo lado da estrutura. Qtde:,Geral na via do outro lado a infraestrutura. Qtde:,19. HORÁRIO FIM,"20. ANOTAÇÕES, OBSERVAÇÕES E COMENTÁRIOS",Foto página da frente (ficha de avaliação),Foto página de trás (ficha de avaliação),Fotos da estrutura,Comentários,length_google_maps,Via,geo_id,form_id
06/08/2023 16:20:20,Alex Neris,Pedro Amorim,05/07/2023,15:30:00,Ondina,Prefeitura da Aeronáutica,IBH,ciclovia,bidirecional,Mão dupla,Sobre a calçada,50,2,Canteiros,"SE CICLOVIA, segregação impede completamente a invasão de automóvel e não há trechos desprotegidos",Segregadores IMPEDEM o acesso,15,8,0,,Concreto,Irregularidades que demandam desvio para circulação,"O traçado é sinuoso, exigindo atenção",Não há árvores nem mudas,Paradas de ônibus ao longo,3,0,0,0,0,0,0,3,Desníveis,0,0,0,0,1,0,0,,"2,4",10,"7,3","9,7",Estacionamento proibido na via,,15,0,0,0,0,0,continua de outra estrutura,continua em outra estrutura,5,0,8,Pintada de vermelho com interrupções,"A pintura está boa, mas FALHA em ALGUNS pontos",2,0,10,,21,5,Não existem,0,0,45,45,20,17:39:00,"O acesso em Ondina, embora seja continuação da ciclovia da Barra, é feito após uma interrupção por um posto de gasolina, obrigando as pessoas ciclistas ou a seguirem dentro do posto de gasolina ou a circularem pela avenida num trecho muito movimentado, de cruzamento de vias e curva, oferecendo risco considerável às em ambas as alternativas.",https://drive.google.com/open?id=1_HyN2jPSUJTV7Nt1ETJSpHvmOlzwkjYN,,,,"3,02",Ondina,4,1
06/08/2023 16:31:08,Alex Neris,Pedro Amorim,05/07/2023,15:30:00,Rio Vermelho - R. da Paciência,Rio Vermelho (Praia da Paciência),Rio Vermelho (Teatro SESI),ciclovia,bidirecional,Mão dupla,Sobre a calçada,40,4,Canteiros,"SE CICLOVIA, segregação impede completamente a invasão de automóvel e não há trechos desprotegidos",Segregadores DIFICULTAM o acesso parcialmente,2,0,0,,Concreto,Irregularidades que demandam desvio para circulação,"O traçado é sinuoso, exigindo atenção",Somente mudas novas,Nenhuma situação de risco,0,0,0,0,0,0,0,0,Nenhum obstáculo,0,0,0,0,0,0,0,,"2,2",10,"12,9","15,1",Estacionamento proibido na via,,1,1,0,0,0,0,não,sim,0,0,0,Toda área de circulação pintada de vermelho,"A pintura está boa, COMPLETA e visível",0,0,0,,9,0,Não existem,0,0,23,14,10,17:39:00,A ciclovia inicia bruscamente na Praia da Paciência e há uma sinalização de que é proibido andar de bicicleta na calçada entre esta ciclovia e a ciclofaixa entre Ondina e Rio Vermelho.,https://drive.google.com/open?id=1bAk6Idtj6fLedloSTP3xmjxGZ3NCFFRI,,,,"1,9",Rio Vermelho - R. da Paciência,3,2
06/08/2023 16:49:04,Alex Neris,Pedro Amorim,05/07/2023,15:30:00,Oceânica - Ondina / Rio Vermelho,Ondina (IBH),Rio Vermelho (Praia da Paciência),ciclofaixa,bidirecional,Mão dupla,Em um dos bordos de via de mão dupla,60,2,Canteiros,Poucos trechos COM segregadores dificultando invasão,Segregadores NÃO DIFICULTAM o acesso,,,,Não se aplica,Concreto,Irregularidades que demandam desvio para circulação,"O traçado é sinuoso, exigindo atenção",Não há árvores nem mudas,saídas de rua (tráfego lento) sem sinalização,0,0,0,0,0,0,2,2,Desníveis,0,0,0,0,1,0,0,,"2,4",10,"7,3","9,7",Estacionamento proibido na via,,4,0,0,0,0,0,continua de outra estrutura,continua em outra estrutura,6,0,4,Pintada de vermelho com interrupções,"A pintura está boa, mas FALHA em ALGUNS pontos",2,0,3,,1,3,Não existem,0,0,0,50,20,17:39:00,"A maior parte do trecho é ciclofaixa e os últimos 400 m são parcialmente segregados, como uma ciclovia.  ",https://drive.google.com/open?id=11mUGbmk1lIMOdrT3Bret7dlw0CtyPMBv,,,,"1,12",Ondina,4,3
06/08/2023 17:01:20,Alex Neris,Pedro Amorim,11/07/2023,15:25:00,Manoel Dias da Silva (Pituba - Amaralina,Posto de Gasolina (Pituba),Praça dos Combatentes (Amaralina),ciclofaixa,"unidirecional, no fluxo dos automóveis",Mão única,No bordo esquerdo da via de mão única,60,4,"Sinalização com pintura, Tachas ou tachões","SE CICLOFAIXA, impossível automóvel invadir a estrutura sem ultrapassar por segregadores",Segregadores NÃO DIFICULTAM o acesso,,,,Não se aplica,Asfalto,"Pequenas imperfeições, como fissuras",O traçado é completamente reto,Não há árvores nem mudas,Nenhuma situação de risco,0,0,0,0,0,0,0,0,Desníveis,0,0,0,0,0,0,0,,2,10,14,16,"Estacionamento dedicado de um lado, segregado da circulação",,5,3,0,0,0,0,sim,não,28,0,26,"Apenas faixas vermelhas nas bordas, com travessias pintadas nos cruzamentos","A pintura está boa, COMPLETA e visível",11,1,4,,80,0,Não existem,0,0,0,75,0,17:00:00,Alguns trechos ladeados por estacionamentos de estabelecimentos comerciais oferecem risco por estarem frequentemente ocupados com carros. ,https://drive.google.com/open?id=1_GGAHtlAEpZATJFNGzvANfddpDEGIkBt,,,,"3,05",Av. Manoel Dias da Silva,9,4
06/08/2023 17:53:36,Alex Neris,Pedro Amorim,27/07/2023,10:40:00,BRT,Centro Médico Salvador,Ed. Capemi,ciclovia,bidirecional,Mão dupla,Isoladas (em área verde),Não se aplica: estrutura isolada.,-1,Canteiros,"SE CICLOVIA, segregação impede completamente a invasão de automóvel e não há trechos desprotegidos",Segregadores IMPEDEM o acesso,0,0,1,,Concreto,Falhas que demandam redução de velocidade ou parada,"O traçado é sinuoso, exigindo atenção",Não há árvores nem mudas,Não se aplica: estrutura isolada.,0,0,0,0,0,0,0,0,Buracos,0,0,24,0,0,1,24,,"2,4",0,"3,5","23,5",Estacionamento proibido na via,Nenhum elemento de controle de velocidade na via,0,0,0,0,0,0,não,não,0,0,0,"Apenas faixas vermelhas nas bordas, com travessias pintadas nos cruzamentos",A pintura é falha em VÁRIOS pontos,2,0,0,,29,35,,29,35,36,41,0,12:32:00,"A estrutura é boa, mas está visivelmente abandonada. Há pelo menos um trecho da ciclovia que merece atenção quanto à segurança, em virtude de oferecer pouca possibilidade de escape em caso de assalto, sendo uma área ocupada por pessoas em situação de rua, com pouca visibilidade para quem está na via pública. Tem uma boca de lobo aberta e muitos buracos nos muros, por onde vazam terra, pedra e mesmo fios de eletricidade que não sabemos se oferecem risco de choque elétrico.
",https://drive.google.com/open?id=10hxwIwv5n48WYVSLnux5jM9A1BIj5ynf,,,,"2,4",BRT,7,5
08/08/2023 15:41:08,Felipe Brust,Tâmara Olivieri,30/07/2023,08:20:00,CAB - 4ª Avenida Centro Administrativo da Bahia,Estação de Metrô Pituaçu,Rótula Sussuarana,ciclofaixa,"unidirecional, no fluxo dos automóveis",Mão única,No bordo direito da via de mão única,60,2,"Sinalização com pintura, Tachas ou tachões",NENHUM ou QUASE NENHUM segregador dificultando invasão,Segregadores NÃO DIFICULTAM o acesso,,,,Não se aplica,Asfalto,Irregularidades que demandam desvio para circulação,O traçado é muito sinuoso ou possui curvas com obstáculos que impedem visualização de entorno ou parte da estrutura,Não há árvores nem mudas,"Paradas de ônibus ao longo, Trajeto de conversão permite invasão de automóvel de trecho de linha contínua da estrutura, Ponto de Taxi",3,0,9,0,0,0,1,13,"Valas profundas ao longo da estrutura, Desníveis",0,0,0,1,1,0,1,30,"1,15",25,"3,15","10,15","Estacionamento dedicado de um lado, segregado da circulação",,2,0,0,0,1,0,não,continua em outra estrutura,0,0,2,"Apenas faixas vermelhas nas bordas, com travessias pintadas nos cruzamentos","A pintura é MUITO falha, mostrando muito asfalto",0,9,0,,0,17,Não existem,0,0,0,0,26,11:45:00,"O trecho tem um aclive acentuado e muitas travessias de carro e ônibus por se tratar de acessos a secretarias, terminal de ônibus, SAC, embora não tenha sinalização de travessia de ciclistas. 

Pela característica do terreno e escoamento pluvial, não existem bueiros e as valas sem manutenção ao  longo da estrutura deixam as ferragens das lajes expostas com risco para ciclistas e pedestres. 

Ao final do trecho, o contorno da rótula seria o caminho natural para continuidade da ciclofaixa e acesso à 5ª Avenida, mas a estrutura segue desnecessariamente por mais 300m, atravessada por dois acessos, dois pontos de ônibus e, inexplicavelmente, interrompida por um ponto de táxi, que demanda do ciclista trafegar pela faixa de rolamento.",https://drive.google.com/open?id=1wf_QMysHkEZFSVc6ZRkx6p69cY43BztI,,,,"0,95",CAB,15,6
08/08/2023 15:54:52,Felipe Brust,Tâmara Olivieri,30/07/2023,08:20:00,CAB - 5ª Avenida Centro Administrativo da Bahia,Cruzamento 3ª Avenida,PRODEB,ciclofaixa,"unidirecional, no fluxo dos automóveis",Mão única,No bordo direito da via de mão única,60,2,"Sinalização com pintura, Tachas ou tachões",NENHUM ou QUASE NENHUM segregador dificultando invasão,Segregadores NÃO DIFICULTAM o acesso,,,,Não se aplica,Asfalto,"Pequenas imperfeições, como fissuras",O traçado é muito sinuoso ou possui curvas com obstáculos que impedem visualização de entorno ou parte da estrutura,Não há árvores nem mudas,"Paradas de ônibus ao longo, Trajeto de conversão permite invasão de automóvel de trecho de linha contínua da estrutura",3,0,6,0,0,0,0,9,Desníveis,0,0,0,0,1,0,0,,"1,15",25,"3,1","9,9","Estacionamento dedicado de um lado, segregado da circulação",,2,0,0,0,0,0,continua de outra estrutura,continua em outra estrutura,0,0,4,"Apenas faixas vermelhas nas bordas, com travessias pintadas nos cruzamentos","A pintura é MUITO falha, mostrando muito asfalto",0,2,4,,0,32,Não existem,0,0,0,11,5,11:45:00,"o  trecho tem muitos cruzamentos críticos, sem sinalização alguma ou pintura. Na principal rótula do CAB não há nenhuma travessia com pintura. 

Muita areia na estrutura e longos trajetos desnecessários dividindo espaço com ônibus nas paradas. As ciclofaixas no asfalto, poderiam ser substituídas por ciclovias segregadas entre os órgãos, como a Assembleia Legislativa e seu vasto gramado e árvores com sombreamento. 
",https://drive.google.com/open?id=1as_6GND3XFceA1tSsoa87Wl_tFaj9ZWQ,,,,"0,95",CAB,15,7
08/08/2023 16:02:05,Felipe Brust,Tâmara Olivieri,30/07/2023,08:20:00,CAB - 4ª Avenida Centro Administrativo da Bahia,PRODEB,Estação Metrô Pituaçu,ciclofaixa,"unidirecional, no fluxo dos automóveis",Mão única,No bordo direito da via de mão única,60,2,"Sinalização com pintura, Tachas ou tachões",NENHUM ou QUASE NENHUM segregador dificultando invasão,Segregadores NÃO DIFICULTAM o acesso,,,,Não se aplica,Asfalto,Irregularidades que demandam desvio para circulação,O traçado é muito sinuoso ou possui curvas com obstáculos que impedem visualização de entorno ou parte da estrutura,Não há árvores nem mudas,"Paradas de ônibus ao longo, Trajeto de conversão permite invasão de automóvel de trecho de linha contínua da estrutura",2,0,7,0,0,0,0,9,"Buracos, Desníveis",0,0,1,0,1,0,1,,"1,2",25,"3,1","10,2","Estacionamento dedicado de um lado, segregado da circulação",,0,0,0,0,0,0,não,continua em outra estrutura,0,0,2,"Apenas faixas vermelhas nas bordas, com travessias pintadas nos cruzamentos","A pintura é MUITO falha, mostrando muito asfalto",0,7,0,,0,18,Não existem,0,0,0,0,21,11:45:00,"O trecho tem um declive acentuado e muitas travessias de carro por se tratar de acessos a secretarias. É via de escoamento de Sussuarana, bairro vizinho e desemboca na Paralela, principal artéria da região, numa travessia de pedestre intensa, estações de metrô, ônibus, SAC, sem nenhum redutor de velocidade ou radar. 


Muita areia, sinalização horizontal confusa e um buraco de obra antiga promove riscos e demanda ciclista desviar constantemente da ciclofaixa para a faixa de rolamento. ",https://drive.google.com/open?id=1RorGL8itCfQyIfAMreFVtV1Z4vVkix1m,,,,"0,95",CAB,15,8
08/08/2023 16:08:43,Felipe Brust,Tâmara Olivieri,30/07/2023,08:20:00,CAB - 3ª Avenida Centro Administrativo da Bahia,Estação de Metrô CAB ,Cruzamento 5ª Avenida,ciclofaixa,"unidirecional, no fluxo dos automóveis",Mão única,No bordo direito da via de mão única,60,2,"Sinalização com pintura, Tachas ou tachões",NENHUM ou QUASE NENHUM segregador dificultando invasão,Segregadores NÃO DIFICULTAM o acesso,,,,Não se aplica,Asfalto,"Pequenas imperfeições, como fissuras",O traçado é muito sinuoso ou possui curvas com obstáculos que impedem visualização de entorno ou parte da estrutura,Não há árvores nem mudas,"Paradas de ônibus ao longo, Trajeto de conversão permite invasão de automóvel de trecho de linha contínua da estrutura",3,0,8,0,0,0,0,11,Desníveis,0,0,0,0,1,0,0,,"1,2",25,"3,1","10,05","Estacionamento dedicado de um lado, segregado da circulação",,2,0,0,0,0,0,continua de outra estrutura,continua em outra estrutura,0,0,0,"Apenas faixas vermelhas nas bordas, com travessias pintadas nos cruzamentos","A pintura é MUITO falha, mostrando muito asfalto",0,7,1,,0,11,Não existem,0,0,0,5,29,11:45:00,"O trecho tem um aclive acentuado e muitas travessias de carro por se tratar de acessos a secretarias, e órgãos públicos como Governadoria e Procuradoria Geral, além de uma Igreja Católica e uma escola estadual.  

Esses prédios tem eventos constantes que são muito concorridos. O que leva ao estacionamento irregular na ciclofaixa demandando o ciclista trafegar na faixa de rolamento.

Em um ponto de ônibus a ciclofaixa simplesmente desaparece. Voltando a aparecer em seguida alguns metros à frente.
",https://drive.google.com/open?id=1lKn0w05G6-lWvT-khcXdhK-1tQFBK7ZX,,,,"1,3",CAB,15,9
08/08/2023 16:19:12,Felipe Brust,Tâmara Olivieri,30/07/2023,08:20:00,CAB - 3ª Avenida Centro Administrativo da Bahia,Vila Policial,Estação de Metrô CAB ,ciclofaixa,"unidirecional, no fluxo dos automóveis",Mão única,No bordo direito da via de mão única,60,2,"Sinalização com pintura, Tachas ou tachões",NENHUM ou QUASE NENHUM segregador dificultando invasão,Segregadores NÃO DIFICULTAM o acesso,,,,Não se aplica,Asfalto,"Pequenas imperfeições, como fissuras",O traçado é muito sinuoso ou possui curvas com obstáculos que impedem visualização de entorno ou parte da estrutura,Não há árvores nem mudas,"Paradas de ônibus ao longo, Trajeto de conversão permite invasão de automóvel de trecho de linha contínua da estrutura",3,0,6,0,0,0,0,9,Desníveis,0,0,0,0,1,0,0,,"1,2",25,"3,15","10,1","Estacionamento dedicado de um lado, segregado da circulação",,2,0,0,0,1,0,continua de outra estrutura,continua em outra estrutura,0,0,0,"Apenas faixas vermelhas nas bordas, com travessias pintadas nos cruzamentos","A pintura é MUITO falha, mostrando muito asfalto",0,6,0,,0,17,Não existem,0,0,0,6,21,11:45:00,"O trecho tem um declive acentuado e muitas travessias de Carro por se tratar de acessos a secretarias. Muita areia e desnível no asfalto da estrutura. 

Em horário comercial o CAB tem muita circulação, mas à noite e fins de semana é muito ermo e mal iluminado. 


Ao final do trecho, a travessia da passarela que dá acesso à Estação CAB do Metrô não é sinalizada para o ciclista. Existe apenas uma faixa de pedestre.
",https://drive.google.com/open?id=18rig4uyzxsIo547sgNYu6SV80Jp0TZR8,,,,"0,83",CAB,15,10
08/08/2023 16:26:17,Felipe Brust,Tâmara Olivieri,30/07/2023,08:20:00,CAB 5ª Avenida Centro Administrativo da Bahia,Rótula Sussuarana,Vila Policial,ciclofaixa,"unidirecional, no fluxo dos automóveis",Mão única,No bordo direito da via de mão única,60,2,"Sinalização com pintura, Tachas ou tachões",NENHUM ou QUASE NENHUM segregador dificultando invasão,Segregadores NÃO DIFICULTAM o acesso,,,,Não se aplica,Asfalto,Irregularidades que demandam desvio para circulação,"O traçado é sinuoso, exigindo atenção",Não há árvores nem mudas,"Paradas de ônibus ao longo, Trajeto de conversão permite invasão de automóvel de trecho de linha contínua da estrutura",2,0,10,0,0,0,0,12,"Nenhum obstáculo, Placas de Concreto",0,0,0,0,1,2,2,,"1,1",25,3,"9,75","Estacionamento dedicado de um lado, segregado da circulação",,4,0,0,0,1,0,continua de outra estrutura,continua em outra estrutura,0,0,0,"Apenas faixas vermelhas nas bordas, com travessias pintadas nos cruzamentos","A pintura é MUITO falha, mostrando muito asfalto",0,10,0,,0,18,Não existem,0,0,0,11,5,11:45:00,"O trecho tem muitas travessias de carro por se tratar de acessos a secretarias. A sinalização horizontal é confusa  para pedestres, ciclistas e motoristas. Pinturas antigas 
não apagadas e mais vivas que faixas de pedestres e pintura da ciclofaixa, resquícios de antigas provas automobilísticas. 


Essas competições também deixaram como legado, ao longo da via, diversos prismas, gelos baianos e enormes placas de concreto. Duas delas, no acesso ao Tribunal de 
Justiça e Ministério Público, forçam o ciclista a desviar para a faixa de rolamento.


Sem mencionar, claro, o “fetiche” de motoristas que podem experimentar a sensação de dirigir numa suposta pista de corrida, mas densamente utilizada cotidianamente por 
ônibus, bicicletas e pedestres. 
",https://drive.google.com/open?id=1avzNQH_PiZO47yKCeMd5_IfokAVyrEtE,,,,"1,5",CAB,15,11
09/08/2023 09:40:19,Ediana Fiuza,Lucas Vinicius,01/07/2023,08:40:00,Via: Rua Eng. Oscar Pontes (Trecho 1),"Em frente ao Studio Óculos, ao lado do Santander",Em frente à Feira de São Joaquim,ciclofaixa,"unidirecional, no fluxo dos automóveis",Mão única,No bordo direito da via de mão única,60,4,Tachas ou tachões,NENHUM ou QUASE NENHUM segregador dificultando invasão,Segregadores NÃO DIFICULTAM o acesso,,,,Não se aplica,Asfalto,Falhas que demandam redução de velocidade ou parada,O traçado é completamente reto,Não há árvores nem mudas,Cruzamento com veículos em curva de ângulo aberto e sem tratamento de redução de velocidade,0,2,0,0,0,0,0,2,"Bueiros, Valas profundas ao longo da estrutura",2,0,0,-1,0,0,2,,"1,58",10,"15,91","17,6","Estacionamento dedicado de um lado, incluso na circulação",,3,0,0,0,1,0,sim,continua em outra estrutura,1,0,0,"Apenas faixas vermelhas nas bordas, com travessias pintadas nos cruzamentos",Pintura APAGADA ou somente rastros de tinta,0,0,1,,0,1,Não existem,0,0,0,23,0,09:36:00,"-> Invasão constante de carros na ciclovia, especialmente no começo da estrutura.

-> Os carros invadem a ciclovia para passagem ou ultrapassagem, sem utilizar a faixa para acessar o estacionamento localizado à esquerda da ciclofaixa nos trechos iniciais da Av. Oscar Pontes.

-> A chuva no dia evidenciou acúmulos de água muito grandes que exigiam atenção redobrada e forçavam ciclistas a desviar pelas pistas convencionais",https://drive.google.com/open?id=1QZwC4AquHnKu00_AfzwjIHtPza1a6T7-,,,,"1,3",Av. Engenheiro Oscar Pontes,11,12
09/08/2023 09:49:35,Ediana Fiuza,Lucas Vinicius,01/07/2023,09:58:00,Av. Engenheiro Oscar Pontes (Trecho 3),Posto Petróleo,Cruzamento entre a Av. Eng. Oscar Pontes e a Travessa Frederico Pontes,ciclofaixa,"unidirecional, no fluxo dos automóveis",Mão única,No bordo esquerdo da via de mão única,60,4,Tachas ou tachões,NENHUM ou QUASE NENHUM segregador dificultando invasão,Segregadores NÃO DIFICULTAM o acesso,,,,Não se aplica,Asfalto,Falhas que demandam redução de velocidade ou parada,O traçado é completamente reto,"Sombras em alguns trechos, SEM mudas novas",Trajeto de conversão permite invasão de automóvel de trecho de linha contínua da estrutura,0,0,2,0,0,0,0,2,"Valas profundas ao longo da estrutura, Desníveis",0,0,0,-1,1,0,1,,"0,96",11,"11,85","12,81","Estacionamento dedicado de um lado, incluso na circulação",,7,0,0,0,1,0,continua de outra estrutura,continua em outra estrutura,1,0,0,Apenas faixas vermelhas nas bordas.,A pintura é falha em VÁRIOS pontos,0,2,1,,0,1,Não existem,0,0,0,7,0,10:30:00,"-> A largura da ciclofaixa no final do trecho avaliado chega até 1,10m
-> Caminhões estacionam na ciclofaixa
-> Não há estacionamento

->Existe um trecho onde a gente não se arriscou, logo depois do posto em direção à 1ª Travessa Frederico Pontes, a ciclofaixa fica imprensada entre os carros e caminhões em alta velocidade e uma mureta de pedra, além disso, ela fica particularmente estreita. Acreditamos que esse trecho é muito perigoso.",https://drive.google.com/open?id=1sno7XzJ6gN8pZsifjvV_MqxmUnmTZ_ZW,,,,"0,57",Av. Engenheiro Oscar Pontes,11,13
09/08/2023 10:01:54,Ediana Fiuza,Lucas Vinicius,01/07/2023,09:36:00,Av. Engenheiro Oscar Pontes (Trecho 2),Cruzamento da Rua João Alfredo Fontenelle com a Av. Eng. Oscar Pontes,Parte de baixo do Viaduto Júlio Paixão nas proximidades do Posto Petróleo,ciclofaixa,"unidirecional, no fluxo dos automóveis",Mão única,No bordo esquerdo da via de mão única,60,4,Tachas ou tachões,NENHUM ou QUASE NENHUM segregador dificultando invasão,Segregadores NÃO DIFICULTAM o acesso,,,,Não se aplica,Asfalto,Falhas que demandam redução de velocidade ou parada,O traçado é completamente reto,Somente mudas novas,Nenhuma situação de risco,0,0,0,0,0,0,0,0,"Bueiros, Buracos, Desníveis",2,0,2,0,1,0,4,,"1,56",10,"11,4",13,"Estacionamento dedicado de um lado, incluso na circulação",,3,0,0,0,2,0,continua de outra estrutura,continua em outra estrutura,2,0,1,"Apenas faixas vermelhas nas bordas, com travessias pintadas nos cruzamentos","A pintura é MUITO falha, mostrando muito asfalto",0,2,0,,0,5,Não existem,0,0,0,16,0,09:58:00,"-> O estacionamento fica na calçada do lado esquerdo da ciclofaixa (que está na esquerda da via), isso força pedestres e ciclistas para cima da ciclofaixa. Além disso é necessário disputar esse pequeno espaço com caminhões e com carros em média/alta velocidade (40kmh a 60kmh)

-> É necessário levar em consideração que a continuidade da ciclofaixa é comprometida no cruzamento com as ruas Eliza Fontenelle e João Alfredo Fontenelle devido a presença de vários gelos baianos e falta de ciclofaixa pintada dificultando bastante a continuação dos ciclistas que vem percorrendo o trecho e precisam atravessar o retorno, entrando em conflito com veículos pesados.",https://drive.google.com/open?id=1F9tsut3pNVm_yWcIFJ7Xl_5RiTHw5ZnH,,,,"0,63",Av. Engenheiro Oscar Pontes,11,14
09/08/2023 10:21:02,Ediana Fiuza,Lucas Vinicius,01/07/2023,10:23:00,Avenida Jequitaia (Trecho 4),Cruzamento da Avenida Engenheiro Oscar Pontes com a Travessa Frederico Pontes.,Lojas Guaibim localizada de frente ao Largo da Calçada.,ciclofaixa,"unidirecional, no fluxo dos automóveis",Mão única,No bordo esquerdo da via de mão única,60,4,Tachas ou tachões,NENHUM ou QUASE NENHUM segregador dificultando invasão,Segregadores NÃO DIFICULTAM o acesso,,,,Não se aplica,Asfalto,Irregularidades que demandam desvio para circulação,"O traçado é sinuoso, exigindo atenção",Não há árvores nem mudas,"Cruzamento com veículos em curva de ângulo aberto e sem tratamento de redução de velocidade, Fim repentino da estrutura e continuidade do outro lado da avenida",0,2,0,0,0,0,1,3,"Bueiros, Valas profundas ao longo da estrutura",1,0,0,-1,0,0,2,,"1,45",10,"11,2","13,4",Estacionamento proibido na via,,5,0,0,0,2,0,continua de outra estrutura,continua em outra estrutura,3,1,0,"Apenas faixas vermelhas nas bordas, com travessias pintadas nos cruzamentos",A pintura é falha em VÁRIOS pontos,0,3,3,,0,12,Não existem,0,0,0,42,0,11:19:00,"-> Fluxo intenso
-> Conflitos entre ciclistas e carros por espaço
-> Sinalização chamando atenção para que se respeite o ciclista
-> Uso compartilhado de pessoas puxando carrinhos de carga e bicicletas de transporte (incl. cargueiras)

Número varia entre 3 a 7 faixas ao longo da estrutura

O trecho é descontínuo, com a ciclofaixa desaparecendo no trecho da Rua Estado de Israel!
Eu observei que a Rua Estado de Israel é exageradamente larga, cabendo até 4 faixas de carros COM estacionamento, é possível designar uma ciclofaixa pela direita, atrás do estacionamento dos carros, para permitir a troca de sentido segura dos ciclistas da região.

Obs: Existem outras indicações na estrutura mas não são placas R-34, e sim placas amarelas escrito ""respeite o ciclista""

A partir da Avenida da França, que não é compreendida nessa avaliação, a ciclofaixa começa pelo bordo direito da via, ou seja, a ciclofaixa que antes vinha pela esquerda termina abruptamente e começa de novo pela direita, numa região onde há até 7 faixas de carros no mesmo sentido (Sul em direção ao bairro do Comércio).

Apenas na Rua Estado de Israel foram vistos estacionamentos (no lado direito da via). Por conta disso, para a avaliação, esse trecho foi desconsiderado. 

Já na Avenida Jequitaia, na extensão completa é proibido estacionar, mas algumas lojas, tanto automotivas quanto lojas de pescados da região têm vagas de estacionamento no lado esquerdo, justamente onde passa a ciclofaixa.

Sobre as Larguras:
— No Trecho mais largo da Av. Eng Oscar Pontes a largura chega até 26,67m
— No trecho da Rua Estado de Israel, a largura chega a 17,47m",https://drive.google.com/open?id=1ackExfyxI3f6e5U_6fKyyW95HCKL2zAF,,,,"2,57",Av. Jequitaia,8,15
10/08/2023 15:59:04,Ediana Fiuza,Lucas Vinicius,09/07/2023,12:45:00,Avenida Afrânio Peixoto (Trecho 3 - Lobato) - VOLTA,Prox. da Av. Bonifácio e Tv. Voluntários da Pátria,Próx. Atakarejo Lobato,ciclovia,"unidirecional, no fluxo dos automóveis",Mão única,No canteiro central,60,2,Canteiros,Poucos trechos SEM segregadores dificultando invasão,Segregadores DIFICULTAM o acesso parcialmente,28,1,1,,Concreto,Irregularidades que demandam desvio para circulação,O traçado é completamente reto,Não há árvores nem mudas,"Cruzamento com veículos em curva de ângulo aberto e sem tratamento de redução de velocidade, Conversão à esquerda de automóvel com invisibilidade de ciclista",0,1,0,0,1,0,0,2,Nenhum obstáculo,0,0,0,0,0,0,0,,"0,85",0,"6,1","7,2",Estacionamento proibido na via,,6,0,2,0,1,0,continua de outra estrutura,continua em outra estrutura,5,0,2,Toda área de circulação pintada de vermelho,"A pintura está boa, mas FALHA em ALGUNS pontos",0,0,2,Não existem,0,0,Não existem,0,0,0,23,0,13:21:00,"Existem uma placa de bicicleta e uma placa de velocidade a menos no sentido Norte da Av. Afrânio Peixoto (Suburbana), se comparado ao sentido Sul. (referente ao trecho avaliado)",https://drive.google.com/open?id=1zaDPsT-gJdulO4lyzQTbfdPUTe6Drzvm,,,,"4,3",Av. Afrânio Peixoto - Suburbana (Lobato),5,16
10/08/2023 16:07:00,Ediana Fiuza,Lucas Vinicius,09/07/2023,12:45:00,Avenida Afrânio Peixoto (Trecho 3 - Lobato) - IDA,Próx. Atakarejo Lobato,Prox. da Av. Bonifácio e Tv. Voluntários da Pátria,ciclovia,"unidirecional, no fluxo dos automóveis",Mão única,No canteiro central,60,2,Canteiros,Poucos trechos SEM segregadores dificultando invasão,Segregadores DIFICULTAM o acesso parcialmente,28,1,1,,Concreto,Irregularidades que demandam desvio para circulação,O traçado é completamente reto,Não há árvores nem mudas,"Cruzamento com veículos em curva de ângulo aberto e sem tratamento de redução de velocidade, Conversão à esquerda de automóvel com invisibilidade de ciclista",0,1,0,0,1,0,0,2,Nenhum obstáculo,0,0,0,0,0,0,0,,"0,85",0,"6,1","7,2",Estacionamento proibido na via,,7,0,2,0,1,0,continua de outra estrutura,continua em outra estrutura,6,0,2,Toda área de circulação pintada de vermelho,"A pintura está boa, mas FALHA em ALGUNS pontos",0,0,2,Não existem,0,0,Não existem,0,0,0,23,0,13:21:00,,https://drive.google.com/open?id=1HBfV41WO_CNtnYrZ_-uZNFgyyZ7EgIlC,,,,"4,3",Av. Afrânio Peixoto - Suburbana (Lobato),5,17
10/08/2023 16:17:36,Ediana Fiuza,Lucas Vinicius,09/07/2023,13:28:00,Av. Afrânio Peixoto (T4 - Viaduto dos Motoristas) - IDA,Tv. Voluntários da Pátria,Assaí Atacadista da Calçada ,ciclovia,"unidirecional, no fluxo dos automóveis",Mão única,No canteiro central,60,2,Canteiros,Poucos trechos SEM segregadores dificultando invasão,Segregadores DIFICULTAM o acesso parcialmente,48,3,1,,Concreto,Buracos grandes que demandam saída a estrutura,O traçado é completamente reto,Somente mudas novas,"Cruzamento com veículos em curva de ângulo aberto e sem tratamento de redução de velocidade, Trajeto de conversão permite invasão de automóvel de trecho de linha contínua da estrutura, Motos atravessam a ciclovia constantemente ",0,2,2,0,0,0,0,5,"Bueiros, Raízes",5,2,0,0,0,0,7,,"0,89",0,7,"8,14",Estacionamento proibido na via,,0,0,3,0,1,1,sim,continua em outra estrutura,8,0,3,Toda área de circulação pintada de vermelho,"A pintura está boa, mas FALHA em ALGUNS pontos",3,0,3,Não existem,0,0,Não existem,0,0,0,28,0,14:03:00,"No final, na transição entre a Av. Afrânio Peixoto e a Rua Luiz Maria, existem 3 travessias de rua em nível, porém a ciclovia fica muito ruim, com peças de concreto doltas, bueiros e raízes. ",https://drive.google.com/open?id=1BHp-yr9f1AO4tjlr_IkLc1KGQt0vyrg1,,,,4,Av. Afrânio Peixoto - Suburbana (Lobato),5,18
10/08/2023 16:23:51,Ediana Fiuza,Lucas Vinicius,09/07/2023,13:28:00,Av. Afrânio Peixoto (T4 - Viaduto dos Motoristas) - VOLTA,Assaí Atacadista Calçada,Tv. Voluntários da Pátria,ciclovia,"unidirecional, no fluxo dos automóveis",Mão única,No canteiro central,60,2,Canteiros,Poucos trechos SEM segregadores dificultando invasão,Segregadores DIFICULTAM o acesso parcialmente,48,3,1,,Concreto,Buracos grandes que demandam saída a estrutura,O traçado é completamente reto,Somente mudas novas,"Cruzamento com veículos em curva de ângulo aberto e sem tratamento de redução de velocidade, Trajeto de conversão permite invasão de automóvel de trecho de linha contínua da estrutura, Motos atravessam a ciclovia constantemente ",0,2,3,0,0,0,0,6,"Bueiros, Raízes",5,2,0,0,0,0,7,,"0,89",0,7,"8,14",Estacionamento proibido na via,,0,0,3,0,1,1,continua de outra estrutura,sim,8,0,3,Toda área de circulação pintada de vermelho,"A pintura está boa, mas FALHA em ALGUNS pontos",3,0,3,Não existem,0,0,Não existem,0,0,0,28,0,14:03:00,,https://drive.google.com/open?id=11gZN7WlZ-cj9y0Zh3RJvGaFgvlnuEoNq,,,,4,Av. Afrânio Peixoto - Suburbana (Lobato),5,19
10/08/2023 16:52:31,Ediana Fiuza,Lucas Vinicius,09/07/2023,11:47:00,Av. Afrânio Peixoto - Praia Grande (IDA),Bomboniere Carvalho,Hotel Rios,ciclovia,"unidirecional, no fluxo dos automóveis",Mão única,No canteiro central,60,2,Canteiros,Poucos trechos SEM segregadores dificultando invasão,Segregadores DIFICULTAM o acesso parcialmente,46,3,0,,Concreto,"Pequenas imperfeições, como fissuras",O traçado é completamente reto,Somente mudas novas,Cruzamento com veículos em curva de ângulo aberto e sem tratamento de redução de velocidade,0,1,0,0,0,0,0,1,Raízes,0,1,0,0,0,0,1,,"0,89",0,"6,31","7,43",Estacionamento proibido na via,,2,0,0,0,0,0,continua de outra estrutura,continua em outra estrutura,4,0,3,Toda área de circulação pintada de vermelho,"A pintura está boa, mas FALHA em ALGUNS pontos",0,0,3,Não existem,0,0,Não existem,0,0,0,23,0,12:15:00,"Uma pequena parte do trecho possui árvores maiores com mais sombreamento, isso ocorre nas proximidades da Estação Ferroviária Periperi (a partir dela, subindo ~350m a norte)

Atualmente a estação encontra-se desativada por causa do abandono do trem do subúrbio.",https://drive.google.com/open?id=1APC64sb9kCoo8kx9hnoXDelspvH5rx__,,,,2,Av. Afrânio Peixoto - Suburbana (Lobato),5,20
10/08/2023 16:59:19,Ediana Fiuza,Lucas Vinicius,09/07/2023,11:00:00,Av. Afrânio Peixoto (Paripe) - VOLTA,Bomboniere Carvalho,Praça de Paripe,ciclovia,"unidirecional, no fluxo dos automóveis",Mão única,No canteiro central,60,2,Canteiros,Poucos trechos SEM segregadores dificultando invasão,Segregadores DIFICULTAM o acesso parcialmente,62,3,0,,Concreto,Falhas que demandam redução de velocidade ou parada,O traçado é completamente reto,Somente mudas novas,Veículos passam muito rápido e muito perto da ciclovia,0,0,0,0,0,0,0,1,Lixo/entulho,0,0,0,0,0,5,5,,"0,86",0,"6,06","7,06",Estacionamento proibido na via,,3,0,1,1,0,1,continua de outra estrutura,não,6,0,3,Toda área de circulação pintada de vermelho,A pintura é falha em VÁRIOS pontos,0,1,2,Não existem,0,0,Não existem,0,0,0,25,0,11:46:00,"Esse trecho (Sul em direção ao Norte) da ciclovia da Suburbana sentido Paripe continua da estrutura, não havendo início nem indicação em placa.

Presença de motocicletas constantemente invadindo a ciclovia. Muito entulho/lixo. Carros e caminhões passam muito rápido na faixa esquerda. Segregadores deteriorados. Muito perigoso. ",https://drive.google.com/open?id=1DPpF3I3L4PqoII3Aeg4iV2ak_diNqQgN,,,,"2,4",Av. Afrânio Peixoto - Suburbana (Periperi),6,21
10/08/2023 17:06:57,Ediana Fiuza,Lucas Vinicius,09/07/2023,11:00:00,Av. Afrânio Peixoto (Periperi) - IDA,Praça de Paripe,Boboniere Carvalho,ciclovia,"unidirecional, no fluxo dos automóveis",Mão única,No canteiro central,60,2,Canteiros,Poucos trechos SEM segregadores dificultando invasão,Segregadores DIFICULTAM o acesso parcialmente,62,3,0,,Concreto,Falhas que demandam redução de velocidade ou parada,O traçado é completamente reto,Somente mudas novas,Alta velocidade dos veículos,0,0,0,0,0,0,1,1,Lixo/entulho,0,0,0,0,0,5,5,,"0,86",0,"6,07","7,06",Estacionamento proibido na via,,3,0,1,1,0,1,não,continua em outra estrutura,6,0,3,Toda área de circulação pintada de vermelho,A pintura é falha em VÁRIOS pontos,0,1,2,Não existem,0,0,Não existem,0,0,0,25,0,11:46:00,"Presença de motocicletas invadindo constantemente a ciclovia, muito lixo e entulho. Carros e caminhões passam muito rápido na faixa esquerda. Segregadores deteriorados. Muito perigoso.",https://drive.google.com/open?id=11i_sZK7lZ3SyiJeBhXbO7OnBTExn_Fmc,,,,"2,4",Av. Afrânio Peixoto - Suburbana (Periperi),6,22
10/08/2023 17:18:05,Ediana Fiuza,Lucas Vinicius,09/07/2023,11:57:00,Av. Afrânio Peixoto (Periperi) - VOLTA,Hotel Rios,Bomboniere Carvalho,ciclovia,"unidirecional, no fluxo dos automóveis",Mão única,No canteiro central,60,2,Canteiros,Poucos trechos SEM segregadores dificultando invasão,Segregadores DIFICULTAM o acesso parcialmente,46,3,0,,Concreto,"Pequenas imperfeições, como fissuras",O traçado é completamente reto,Somente mudas novas,Cruzamento com veículos em curva de ângulo aberto e sem tratamento de redução de velocidade,0,1,0,0,0,0,0,1,Raízes,0,1,0,0,0,0,1,,"0,89",0,"6,31","7,43",Estacionamento proibido na via,,2,0,3,0,0,0,continua de outra estrutura,continua em outra estrutura,4,0,3,Toda área de circulação pintada de vermelho,"A pintura está boa, mas FALHA em ALGUNS pontos",0,0,3,Não existem,0,0,Não existem,0,0,0,23,0,12:15:00,"Pequena parte do trecho possui árvores maiores, com sombreamento. ",https://drive.google.com/open?id=1_Xo7UFGWPm2dNOQRVkIIjF986Ft7jJ7N,,,,2,Av. Afrânio Peixoto - Suburbana (Periperi),6,23
14/08/2023 11:14:39,Tâmara Olivieri,Felipe Brust,16/07/2023,10:15:00,Av. Luis Eduardo Magalhães,Saída Túnel ,Viaduto Paralela,ciclofaixa,"unidirecional, no fluxo dos automóveis",Mão única,No bordo direito da via de mão única,70,3,"Sinalização com pintura, Tachas ou tachões",NENHUM ou QUASE NENHUM segregador dificultando invasão,Segregadores NÃO DIFICULTAM o acesso,,,,Não se aplica,Asfalto,Irregularidades que demandam desvio para circulação,O traçado é muito sinuoso ou possui curvas com obstáculos que impedem visualização de entorno ou parte da estrutura,Não há árvores nem mudas,"Paradas de ônibus ao longo, Trajeto de conversão permite invasão de automóvel de trecho de linha contínua da estrutura",2,0,3,0,0,0,0,5,Desníveis,0,0,0,0,-1,0,1,,"1,55",25,"3,1","11,25",Estacionamento proibido na via,,8,1,0,0,1,0,continua de outra estrutura,continua em outra estrutura,5,0,0,"Apenas faixas vermelhas nas bordas, com travessias pintadas nos cruzamentos","A pintura está boa, mas FALHA em ALGUNS pontos",2,0,1,,9,32,Não existem,0,0,0,5,53,13:50:00,"O início do trecho é muito ermo para o ciclista com um leve aclive que não deixa desenvolver velocidade. Muito mato no entorno e sem qualquer estrutura urbana ou vida pedestre. 


Areia, brita e sujeira por toda a ciclofaixa exige muita atenção. Concreto endurecido e água empossada de uma nascente demandam desvio para a faixa de rolamento. 


Um longo declive acentuado exige atenção redobrada ao passar por duas paradas de ônibus que possuem boa pintura ao longo do cruzamento.


Ao final do trecho, dois acessos da artéria Paralela em aclive acentuado, inclusive onde já houve histórico de morte de ciclista, é o ponto crítico da estrutura. 
",https://drive.google.com/open?id=1rIXZVs_tMWHCkgMrp-8Hfqh_yBjqs_em,,,,"2,6",Av. Luis Eduardo Magalhães,13,24
14/08/2023 11:20:32,Tâmara Olivieri,Felipe Brust,16/07/2023,10:15:00,Av. Luis Eduardo Magalhães,Entrada Túnel,Saída Túnel,ciclofaixa,"unidirecional, no fluxo dos automóveis",Mão única,No bordo direito da via de mão única,70,3,"Sinalização com pintura, Tachas ou tachões",NENHUM ou QUASE NENHUM segregador dificultando invasão,Segregadores NÃO DIFICULTAM o acesso,,,,Não se aplica,Asfalto,"Pequenas imperfeições, como fissuras",O traçado é completamente reto,Não há árvores nem mudas,Nenhuma situação de risco,0,0,0,0,0,0,0,0,Desníveis,0,0,0,0,-1,0,1,,"0,9",25,3,"10,15",Estacionamento proibido na via,Nenhum elemento de controle de velocidade na via,0,0,0,0,0,0,continua de outra estrutura,continua em outra estrutura,0,0,0,Apenas faixas vermelhas nas bordas.,"A pintura é MUITO falha, mostrando muito asfalto",0,0,0,,0,4,Não existem,0,0,0,1,1,13:50:00,"Estrutura muito estreita, escura, úmida, mal sinalizada, suja. Combinação perigosa com a faixa de rolamento a poucos centímetros do ciclista e da bicicleta.


Aterrorizante trafegar pelo trecho. Sensação de insegurança potencializada pelo barulho dos motores reverberando pelo túnel. Alguns trechos a sujeira e umidade formam lama, que obriga o ciclista a reduzir ainda mais a velocidade, já que trafegar pelo rolamento é impossível.
",https://drive.google.com/open?id=1WDkL-i1M1Pyf0ypyuaBvVL96Jh9C0RS8,,,,"0,1",Av. Luis Eduardo Magalhães,13,25
14/08/2023 11:26:26,Tâmara Olivieri,Felipe Brust,16/07/2023,10:15:00,Av. Luis Eduardo Magalhães,Viaduto BR-324 ,Entrada Túnel  ,ciclofaixa,"unidirecional, no fluxo dos automóveis",Mão única,No bordo direito da via de mão única,70,3,"Sinalização com pintura, Tachas ou tachões",NENHUM ou QUASE NENHUM segregador dificultando invasão,Segregadores NÃO DIFICULTAM o acesso,,,,Não se aplica,Asfalto,"Pequenas imperfeições, como fissuras","O traçado é sinuoso, exigindo atenção",Não há árvores nem mudas,"Paradas de ônibus ao longo, Trajeto de conversão permite invasão de automóvel de trecho de linha contínua da estrutura",1,0,2,0,0,0,0,3,"Desníveis, Concreto endurecido despejado de betoneira",0,0,0,0,-1,-1,2,,"1,5",25,"3,05","11,1",Estacionamento proibido na via,,3,1,0,0,0,0,sim,continua em outra estrutura,1,0,0,"Apenas faixas vermelhas nas bordas, com travessias pintadas nos cruzamentos","A pintura está boa, mas FALHA em ALGUNS pontos",3,0,0,,6,2,Não existem,0,0,0,3,12,13:50:00,"A ciclofaixa só tem início na via após uma travessia intensa para a BR-324. A brita e areia no início da ciclofaixa evidenciam a intensidade da travessia. Uma faixa de pedestre bem desgastada é o único elemento de ligação entre a estação de metrô e a estrutura. 


Uma longa e perigosa travessia de 150m cruza com descida da BR-324 sem qualquer tratamento de redução de velocidade.


Muita sujeira, areia e brita por toda a ciclofaixa e entorno deixa claro que a via é uma auto pista e que a estrutura deveria estar segregada da faixa de rolamento.
",https://drive.google.com/open?id=1tGnjlaaNQafTRlcPplOycXwzIQbFkRbl,,,,"0,65",Av. Luis Eduardo Magalhães,13,26
14/08/2023 11:32:13,Tâmara Olivieri,Felipe Brust,16/07/2023,10:15:00,Av. Luis Eduardo Magalhães,Viaduto Paralela,Entrada Túnel   ,ciclofaixa,"unidirecional, no fluxo dos automóveis",Mão única,No bordo direito da via de mão única,70,3,"Sinalização com pintura, Tachas ou tachões",NENHUM ou QUASE NENHUM segregador dificultando invasão,Segregadores NÃO DIFICULTAM o acesso,,,,Não se aplica,Asfalto,"Pequenas imperfeições, como fissuras",O traçado é muito sinuoso ou possui curvas com obstáculos que impedem visualização de entorno ou parte da estrutura,Não há árvores nem mudas,"Paradas de ônibus ao longo, Trajeto de conversão permite invasão de automóvel de trecho de linha contínua da estrutura",1,0,4,0,0,0,0,5,Desníveis,0,0,0,0,-1,0,1,,"1,5",25,"3,1","10,9",Estacionamento proibido na via,,7,1,0,0,1,0,não,continua em outra estrutura,3,0,0,"Apenas faixas vermelhas nas bordas, com travessias pintadas nos cruzamentos","A pintura está boa, mas FALHA em ALGUNS pontos",3,2,0,,11,28,Não existem,0,0,0,0,51,13:50:00,"O início do trecho começa tenso em cima do viaduto sobre a Paralela. E uma conversão à direita com tráfego intenso de carros e ônibus é o ponto crítico da via. 


Após mais uma conversão da Paralela, dessa vez mais tranquila, com boa visibilidade, a estrutura segue margeando uma mata muito densa que pertence ao Exército, mas sem qualquer sinal de vida pedestre. 


Ao final do trecho, uma laje deslocada de uma vala, se projeta para a estrutura, exigindo atenção. 
",https://drive.google.com/open?id=12wMtGeBixrHlKNE0mkhkIDtHPJp302-o,,,,"2,6",Av. Luis Eduardo Magalhães,13,27
14/08/2023 11:36:57,Tâmara Olivieri,Felipe Brust,16/07/2023,10:15:00,Av. Luis Eduardo Magalhães,Entrada Túnel  ,Saída Túnel,ciclofaixa,"unidirecional, no fluxo dos automóveis",Mão única,No bordo direito da via de mão única,70,3,"Sinalização com pintura, Tachas ou tachões",NENHUM ou QUASE NENHUM segregador dificultando invasão,Segregadores NÃO DIFICULTAM o acesso,,,,Não se aplica,Asfalto,"Pequenas imperfeições, como fissuras",O traçado é completamente reto,Não há árvores nem mudas,Nenhuma situação de risco,0,0,0,0,0,0,0,0,Desníveis,0,0,0,0,-1,0,1,,"0,9",25,3,"10,1",Estacionamento proibido na via,Nenhum elemento de controle de velocidade na via,0,0,0,0,0,0,continua de outra estrutura,continua em outra estrutura,0,0,0,Apenas faixas vermelhas nas bordas.,"A pintura é MUITO falha, mostrando muito asfalto",0,0,0,,0,3,Não existem,0,0,0,1,1,13:50:00,"Estrutura muito estreita, escura, úmida, mal sinalizada, suja. Combinação perigosa com a faixa de rolamento a poucos centímetros do ciclista e da bicicleta.


Aterrorizante trafegar pelo trecho. Sensação de insegurança potencializada pelo barulho dos motores reverberando pelo túnel. Alguns trechos a sujeira e umidade formam lama, que obriga o ciclista a reduzir ainda mais a velocidade, já que trafegar pelo rolamento é impossível.
",https://drive.google.com/open?id=1m3CW-o6AH0BAQu5cmdjXQo_LPlhtO1KB,,,,"0,1",Av. Luis Eduardo Magalhães,13,28
14/08/2023 11:42:06,Tâmara Olivieri,Felipe Brust,16/07/2023,10:15:00,Av. Luis Eduardo Magalhães,Saída Túnel,Viaduto BR-324 ,ciclofaixa,"unidirecional, no fluxo dos automóveis",Mão única,No bordo direito da via de mão única,70,3,"Sinalização com pintura, Tachas ou tachões",NENHUM ou QUASE NENHUM segregador dificultando invasão,Segregadores NÃO DIFICULTAM o acesso,,,,Não se aplica,Asfalto,"Pequenas imperfeições, como fissuras","O traçado é sinuoso, exigindo atenção",Não há árvores nem mudas,"Paradas de ônibus ao longo, Trajeto de conversão permite invasão de automóvel de trecho de linha contínua da estrutura",1,0,1,0,0,0,0,2,Desníveis,0,0,0,0,-1,0,1,,"1,45",25,"3,05","10,7",Estacionamento proibido na via,,1,0,0,0,0,0,continua de outra estrutura,continua em outra estrutura,1,0,0,"Apenas faixas vermelhas nas bordas, com travessias pintadas nos cruzamentos","A pintura está boa, mas FALHA em ALGUNS pontos",1,0,0,,0,7,Não existem,0,0,0,0,11,13:50:00,O trecho tem um leve declive e termina abruptamente após um cruzamento e ponto de ônibus sem qualquer sinalização ou aviso de rota alternativa. ,https://drive.google.com/open?id=1k91syvEh4M38Db9sl0A3mEsmdedSl3vC,,,,"0,65",Av. Luis Eduardo Magalhães,13,29
15/08/2023 17:27:01,Tâmara Olivieri,Felipe Brust,29/07/2023,10:35:00,Av. Dorival Caymmi,Rua Santo Amaro,Centro de Saúde   ,ciclofaixa,"unidirecional, no fluxo dos automóveis",Mão única,No bordo direito da via de mão única,50,2,Sinalização com pintura,NENHUM ou QUASE NENHUM segregador dificultando invasão,Segregadores NÃO DIFICULTAM o acesso,,,,Não se aplica,Asfalto,Falhas que demandam redução de velocidade ou parada,O traçado é completamente reto,Não há árvores nem mudas,Nenhuma situação de risco,0,0,0,0,0,0,0,0,Desníveis,0,0,0,0,-1,0,1,,"0,8",20,"2,35","6,15",Estacionamento proibido na via,Nenhum elemento de controle de velocidade na via,0,0,0,0,0,0,sim,continua em outra estrutura,1,0,0,Apenas faixas vermelhas nas bordas.,Pintura APAGADA ou somente rastros de tinta,0,0,0,,0,3,Não existem,0,0,0,0,5,14:50:00,"A ciclofaixa além de estreita, praticamente não existe no trecho. 

Não há segregadores e termina abruptamente sem qualquer tipo de sinalização. 
",https://drive.google.com/open?id=1p-HWHF0QntyTt5XZnHr4d5aR7GwHQrQg,,,,"0,19",Av. Dorival Caymmi,14,30
15/08/2023 17:40:02,Tâmara Olivieri,Felipe Brust,29/07/2023,10:35:00, Av. Dorival Caymmi,Rótula EBDA ,Rua Santo Amaro,ciclofaixa,"unidirecional, no fluxo dos automóveis",Mão única,No bordo direito da via de mão única,50,2,"Sinalização com pintura, Tachas ou tachões",NENHUM ou QUASE NENHUM segregador dificultando invasão,Segregadores NÃO DIFICULTAM o acesso,,,,Não se aplica,Asfalto,Falhas que demandam redução de velocidade ou parada,"O traçado é muito sinuoso, podendo causa colisões com obstáculos ou outros ciclistas em momento de ultrapassagem",Não há árvores nem mudas,"Paradas de ônibus ao longo, Cruzamento com veículos em curva de ângulo aberto e sem tratamento de redução de velocidade, Trajeto de conversão permite invasão de automóvel de trecho de linha contínua da estrutura",5,6,11,0,0,0,0,22,"Bueiros, Buracos, Desníveis, Boca de lobo",18,0,3,0,-1,6,27,,"1,3",20,"2,85","7,25",Estacionamento proibido na via,,5,0,0,0,1,0,continua de outra estrutura,continua em outra estrutura,0,0,0,Apenas faixas vermelhas nas bordas.,Pintura APAGADA ou somente rastros de tinta,0,0,17,,0,9,Não existem,0,0,0,0,42,14:50:00,"Em boa parte do trecho a pintura está totalmente apagada e retornou a ser estacionamento. Não existe pintura, tachões ou qualquer resquício de que existe uma ciclofaixa, já que não existe sinalização vertical também. 


Em outro trecho o comércio ambulante invadiu a área da ciclofaixa e instituiu uma pequena feira no local.  ",https://drive.google.com/open?id=1r5BeYbTs0R9O0l_rRllhA7HbGp6169UQ,,,,"2,2",Av. Dorival Caymmi,14,31
15/08/2023 17:49:32,Tâmara Olivieri,Felipe Brust,29/07/2023,10:35:00,Av. Dorival Caymmi,Viaduto Paralela,Rótula EBDA   ,ciclofaixa,"unidirecional, no fluxo dos automóveis",Mão única,No bordo direito da via de mão única,50,2,"Sinalização com pintura, Tachas ou tachões",NENHUM ou QUASE NENHUM segregador dificultando invasão,Segregadores NÃO DIFICULTAM o acesso,,,,Não se aplica,Asfalto,"Pequenas imperfeições, como fissuras",O traçado é completamente reto,Não há árvores nem mudas,"Paradas de ônibus ao longo, Cruzamento com veículos em curva de ângulo aberto e sem tratamento de redução de velocidade, Trajeto de conversão permite invasão de automóvel de trecho de linha contínua da estrutura",1,1,5,0,0,0,0,7,"Bueiros, Buracos, Desníveis, Boca de lobo",9,0,1,0,-1,6,17,,"1,5",20,"2,95","7,65",Estacionamento proibido na via,,5,0,0,0,1,0,continua de outra estrutura,continua em outra estrutura,2,0,0,Apenas faixas vermelhas nas bordas.,A pintura é falha em VÁRIOS pontos,0,0,6,,0,11,Não existem,0,0,0,0,20,14:50:00,"O trecho não vê manutenção desde sua implantação. Tachões desgastados, buracos, desníveis, pintura apagada e ondulações do asfalto demandam atenção redobrada. Travessias e paradas de ônibus sem sinalização, areia, brita e muita sujeira. Irregularidades que demandam muito cuidado e atenção do ciclista.


Recapeamento asfáltico de obra de drenagem/telefonia, produziu ondulações e desníveis acentuados, exigindo atenção redobrada. ",https://drive.google.com/open?id=1XX7mKsxMTy9PYrWr8m_LMuCEJeLJ94UZ,,,,"0,9",Av. Dorival Caymmi,14,32
19/08/2023 14:17:42,Tâmara Olivieri,Felipe Brust,29/07/2023,10:35:00,Av. Dorival Caymmi,Rótula EBDA,Viaduto Paralela,ciclofaixa,"unidirecional, no fluxo dos automóveis",Mão única,No bordo direito da via de mão única,50,2,"Sinalização com pintura, Tachas ou tachões",NENHUM ou QUASE NENHUM segregador dificultando invasão,Segregadores NÃO DIFICULTAM o acesso,,,,Não se aplica,Asfalto,"Pequenas imperfeições, como fissuras",O traçado é completamente reto,Não há árvores nem mudas,"Paradas de ônibus ao longo, Cruzamento com veículos em curva de ângulo aberto e sem tratamento de redução de velocidade, Trajeto de conversão permite invasão de automóvel de trecho de linha contínua da estrutura",2,3,1,0,0,0,0,6,"Bueiros, Buracos, Valas profundas ao longo da estrutura, Desníveis, Boca de lobo",12,0,3,-1,-1,3,20,30,"1,45",20,"2,9","7,5",Estacionamento proibido na via,,2,0,0,0,1,0,continua de outra estrutura,continua em outra estrutura,1,0,0,Apenas faixas vermelhas nas bordas.,Pintura APAGADA ou somente rastros de tinta,0,0,4,,0,9,Não existem,0,0,0,0,21,14:50:00,"O trecho segue com péssimas condições de manutenção. Tachões desgastados, buracos, desníveis, pintura apagada e ondulações do asfalto demandam atenção redobrada. 

Travessias e paradas de ônibus sem sinalização, areia, brita e muita sujeira. Irregularidades que demandam muito cuidado e atenção do ciclista.

Alguma obra pública destruiu o asfalto no trajeto da ciclofaixa e o recapeamento ocasionou ondulações e desníveis acentuados, exigindo atenção redobrada. ",https://drive.google.com/open?id=1O8g4e1XCVgDsu_3eu0uw1rMTWVP5TAdU,,,,"0,9",Av. Dorival Caymmi,14,33
19/08/2023 14:24:38,Tâmara Olivieri,Felipe Brust,29/07/2023,10:35:00,Av. Dorival Caymmi,Banco Itaú,Rótula EBDA,ciclofaixa,"unidirecional, no fluxo dos automóveis",Mão única,No bordo direito da via de mão única,50,2,"Sinalização com pintura, Tachas ou tachões",NENHUM ou QUASE NENHUM segregador dificultando invasão,Segregadores NÃO DIFICULTAM o acesso,,,,Não se aplica,Asfalto,Falhas que demandam redução de velocidade ou parada,O traçado é muito sinuoso ou possui curvas com obstáculos que impedem visualização de entorno ou parte da estrutura,Não há árvores nem mudas,"Paradas de ônibus ao longo, Cruzamento com veículos em curva de ângulo aberto e sem tratamento de redução de velocidade, Trajeto de conversão permite invasão de automóvel de trecho de linha contínua da estrutura",3,4,7,0,0,0,0,14,"Bueiros, Buracos, Valas profundas ao longo da estrutura, Desníveis, Boca de lobo",11,0,2,-1,-1,7,22,30,"1,4",20,"2,9","7,4",Estacionamento proibido na via,,6,0,0,0,1,0,continua de outra estrutura,continua em outra estrutura,10,0,0,Apenas faixas vermelhas nas bordas.,Pintura APAGADA ou somente rastros de tinta,0,0,11,,0,23,Não existem,0,0,0,0,43,14:50:00,"A via é a artéria principal de vários bairros densamente povoados e comércio pujante. À época da implantação da estrutura comerciantes protestaram para a retirada da ciclofaixa, pela suposta queda de vendas, já que carros estacionavam na via.

Seja pela falta de manutenção ou vandalismo, as condições da estrutura estão péssimas. Tachões desgastados, buracos, desníveis, pintura apagada e ondulações do asfalto demandam atenção redobrada. Muitas travessias e paradas de ônibus sem sinalização, areia, brita, oficinas e lava jatos produzindo poças de água eternas, estacionamento irregular, bicicletas no contrafluxo. Inúmeras irregularidades proporcionam muita tensão e riscos.",https://drive.google.com/open?id=1lWkI05yaxvzMUNssCgA50KTZt1fUDbAj,,,,"2,5",Av. Dorival Caymmi,14,34
19/08/2023 14:30:30,Tâmara Olivieri,Felipe Brust,29/07/2023,10:35:00,Av. Dorival Caymmi,Centro de Saúde ,Banco Itaú,ciclofaixa,"unidirecional, no fluxo dos automóveis",Mão única,No bordo direito da via de mão única,50,2,"Sinalização com pintura, Tachas ou tachões",NENHUM ou QUASE NENHUM segregador dificultando invasão,Segregadores NÃO DIFICULTAM o acesso,,,,Não se aplica,Asfalto,Falhas que demandam redução de velocidade ou parada,O traçado é completamente reto,Não há árvores nem mudas,Nenhuma situação de risco,0,0,0,0,0,0,0,0,"Bueiros, Desníveis",4,0,0,0,-1,0,5,,"0,95",20,"2,4","6,45",Estacionamento proibido na via,Nenhum elemento de controle de velocidade na via,0,0,0,0,0,0,sim,continua em outra estrutura,1,0,0,Apenas faixas vermelhas nas bordas.,"A pintura é MUITO falha, mostrando muito asfalto",0,0,0,,0,3,Não existem,0,0,0,0,5,14:50:00,"A ciclofaixa é muito estreita e já inicia com uma sequência de quatro bueiros e uma faixa de pedestre. Está distante há 250m da estrutura cicloviária mais próxima, na orla, separadas por intenso tráfego de carros, ônibus e pedestres.

O trecho da estrutura é imprensada entre as faixas de circulação e o comércio muito concorrido. Desviar dos carros estacionados indevidamente na ciclofaixa para a faixa de rolamento é rotina pra quem pedala na via e o risco de iminente de choque com veículos a poucos centímetros.

Os tachões para a segregação estão muito desgastados, “afundados” no asfalto ou em muitos trechos não existem.",https://drive.google.com/open?id=1_UscADmd68kLplgjnTHJwfo5I_Rya4ro,,,,"0,19",Av. Dorival Caymmi,14,35
21/08/2023 19:24:58,Alex Simões,Pedro Amorim,20/08/2023,10:00:00,Av. Carlos Gomes (trecho 1),Ladeira da Montanha (final),Casa de Itália,ciclofaixa,"unidirecional, no fluxo dos automóveis",Mão única,No bordo esquerdo da via de mão única,40,3,Sinalização com pintura,NENHUM ou QUASE NENHUM segregador dificultando invasão,Segregadores NÃO DIFICULTAM o acesso,,,,Não se aplica,Asfalto,Falhas que demandam redução de velocidade ou parada,"O traçado é sinuoso, exigindo atenção",Não há árvores nem mudas,"O final da Av. Carlos Gomes(entroncamento com a Avenida Sete, Casa d’Itália é extremamente perigoso, mesmo sendo após semáforo).",0,0,0,0,0,0,1,1,Desníveis,0,0,0,0,-1,0,1,,"1,5",10,"3,8","5,3","Estacionamento dedicado de um lado, incluso na circulação",,3,0,7,0,0,0,sim,continua em outra estrutura,10,2,0,"Apenas faixas vermelhas nas bordas, com travessias pintadas nos cruzamentos","A pintura está boa, mas FALHA em ALGUNS pontos",10,0,1,,9,15,Não existem,0,0,0,47,0,12:00:00,"A auditoria foi realizada num domingo porque seria impossível realizá-la durante a semana. É muito grande a ocorrência de pedestres circulando nas vias, e motocicletas, carros e caminhões desembarcando pessoas e mercadorias. Mesmo no domingo, flagramos veículos na via, como pode ser verificado nas fotos e nos vídeos.",https://drive.google.com/open?id=1BKHOYH6qh0IGp96P3codGlxdRpxKFpjb,,,,"1,31",R. Carlos Gomes,10,36
21/08/2023 19:33:10,Alex Simões,Pedro Amorim,20/08/2023,10:00:00,Av. Carlos Gomes (trecho 2) ,Casa d’Itália ,Praça Campo Grande,ciclofaixa,"unidirecional, no fluxo dos automóveis",Mão única,No bordo direito da via de mão única,40,2,Sinalização com pintura,NENHUM ou QUASE NENHUM segregador dificultando invasão,Segregadores NÃO DIFICULTAM o acesso,,,,Não se aplica,Asfalto,Bom estado,O traçado é muito sinuoso ou possui curvas com obstáculos que impedem visualização de entorno ou parte da estrutura,"Sombras em alguns trechos, COM mudas plantadas",Paradas de ônibus ao longo,1,0,0,0,0,0,0,1,"Bueiros, Desníveis",1,0,0,0,-1,0,2,,"1,5",10,"3,8","5,3","Estacionamento dedicado de um lado, incluso na circulação",,0,0,2,0,0,0,continua de outra estrutura,continua em outra estrutura,4,0,0,"Apenas faixas vermelhas nas bordas, com travessias pintadas nos cruzamentos","A pintura está boa, mas FALHA em ALGUNS pontos",0,0,0,,4,4,Não existem,0,0,0,10,0,12:00:00,"Além da mudança de lado, esse trecho tem outro aspecto perigoso para o ciclista e para os pedestres, que é o ponto de ônibus em frente ao Hotel da Bahia. O cruzamento com a rua Banco dos Ingleses e a passagem pela banca de revistas são outros trechos que merecem atenção especial, por causa de veículos e pedestres.",https://drive.google.com/open?id=1gu9al1pm4H9MGpmyOYLUUBXOJr2vjchm,,,,"0,5",R. Carlos Gomes,10,37
21/08/2023 19:43:06,Felipe Brust,Lucas Vinicius,19/08/2023,08:47:00,Rua Thomaz Gonzaga,Cruzamento Silveira Martin,Av. Hilda,ciclofaixa,bidirecional,Mão dupla,Em um dos bordos de via de mão dupla,50,2,"Sinalização com pintura, Tachas ou tachões",NENHUM ou QUASE NENHUM segregador dificultando invasão,Segregadores NÃO DIFICULTAM o acesso,,,,Não se aplica,Asfalto,"Pequenas imperfeições, como fissuras",O traçado é muito sinuoso ou possui curvas com obstáculos que impedem visualização de entorno ou parte da estrutura,Não há árvores nem mudas,"Paradas de ônibus ao longo, Cruzamento com veículos em curva de ângulo aberto e sem tratamento de redução de velocidade, Trajeto de conversão permite invasão de automóvel de trecho de linha contínua da estrutura",4,7,3,0,0,0,0,14,"Bueiros, Raízes, Buracos, Desníveis",5,1,15,0,-1,0,22,,"1,7",25,"2,7","7,45",Estacionamento proibido na via,Nenhum elemento de controle de velocidade na via,0,0,0,0,0,0,continua de outra estrutura,não,8,2,9,"Apenas faixas vermelhas nas bordas, com travessias pintadas nos cruzamentos","A pintura é MUITO falha, mostrando muito asfalto",0,8,2,,0,16,Não existem,0,0,0,15,38,10:51:00,"O trecho tem início num cruzamento muito movimentado. Por 120m a via é de mão única e a estrutura sem qualquer sinalização. Após o cruzamento que deixa a via em mão dupla é
que aparece a sinalização da ciclofaixa. A via é muito estreita e densamente povoada com movimento intenso de carros, caminhões, ônibus, motos, bicicletas e pedestres. A ciclofaixa é disputada para estacionamento, feira, oficina, lava jato, lama, cartazes, travessias.",https://drive.google.com/open?id=1rvulMBto0EVkyw-IIrb_v0KSro1uQEod,,,,2,R. Thomaz Gonzaga,17,38
21/08/2023 19:55:05,Felipe Brust,Lucas Vinicius,19/08/2023,08:47:00,Alameda Horto Bela Vista,Shop. Bela Vista,Cruzam. Silveira Martins ,calçada compartilhada,bidirecional,Mão única,Sobre a calçada,30,2,"Guias, Sinalização com pintura",Poucos trechos SEM segregadores dificultando invasão,Segregadores DIFICULTAM o acesso parcialmente,9,2,0,,Concreto,Falhas que demandam redução de velocidade ou parada,O traçado é muito sinuoso ou possui curvas com obstáculos que impedem visualização de entorno ou parte da estrutura,Não há árvores nem mudas,"Cruzamento com veículos em curva de ângulo aberto e sem tratamento de redução de velocidade, Trajeto de conversão permite invasão de automóvel de trecho de linha contínua da estrutura, Entrada/Saída Caminhões em Obra Contígua",0,3,3,0,0,0,1,7,"Raízes, Buracos, Valas profundas ao longo da estrutura, Desníveis, Postes",0,2,6,-1,-1,8,18,50,"1,85",20,"2,8","10,15",Estacionamento proibido na via,Nenhum elemento de controle de velocidade na via,0,0,0,0,0,0,continua de outra estrutura,continua em outra estrutura,0,1,3,Toda área de circulação pintada de vermelho,Pintura APAGADA ou somente rastros de tinta,0,0,3,Não existem,0,0,,0,6,0,0,17,10:51:00,"O trecho tem início com uma sinalização horizontal zebrada não regulamentada que sugere que a via não é para o trafego de bicicletas. Existe a obra de uma Mega Loja de Construção que destruiu boa parte do piso da ciclovia e com certeza afetará o seu traçado, bem como sua permanência.

Inicia com um leve declive com entrada e saída de caminhões e operários com barricadas que dificultam o acesso. Pintura totalmente apagada e nenhuma sinalização. Não parece ser uma estrutura cicloviária. 

Logo depois inicia um aclive acentuado e muitas travessias de carro para condomínios apenas com sinalização de travessias de pedestre e vários postes e buracos são obstáculos permanentes que requerem atenção.

Ao final do trecho, a estrutura fica muito estreita. E é impossível que um ciclista e um pedestre passem ao mesmo tempo. Entulho de asfalto, brita e areia impedem o trafego.
",https://drive.google.com/open?id=1IwvE-AuxqqtpGQYeHjGYI0C1uoeEyH9g,,,,"0,75",R. Thomaz Gonzaga,17,39
21/08/2023 20:52:32,Felipe Brust,Lucas Vinicius,19/08/2023,10:45:00,Av.  Anita Garibaldi, Pça Lord Cochrane,Av. Vasco da Gama,ciclofaixa,"unidirecional, no fluxo dos automóveis",Mão única,No bordo direito da via de mão única,70,2,"Sinalização com pintura, Tachas ou tachões",NENHUM ou QUASE NENHUM segregador dificultando invasão,Segregadores NÃO DIFICULTAM o acesso,,,,Não se aplica,Asfalto,Irregularidades que demandam desvio para circulação,O traçado é muito sinuoso ou possui curvas com obstáculos que impedem visualização de entorno ou parte da estrutura,Não há árvores nem mudas,"Paradas de ônibus ao longo, Trajeto de conversão permite invasão de automóvel de trecho de linha contínua da estrutura",1,0,6,0,0,0,0,7,"Desníveis, Boca de lobo",0,0,0,0,-1,3,4,,"1,15",25,"2,65","10,35","Estacionamento dedicado de um lado, segregado da circulação",Nenhum elemento de controle de velocidade na via,0,0,0,0,0,0,continua de outra estrutura,não,0,0,6,Apenas faixas vermelhas nas bordas.,"A pintura é MUITO falha, mostrando muito asfalto",0,0,6,,0,5,Não existem,0,0,0,6,12,13:20:00,"Trecho muito confuso com saída e entrada de carros, sinalização apagada, lama, sujeira, lava jatos, oficinas, e vida pedestre movimentada.

Ao final do trecho a via termina repentinamente sem sinalização em uma artéria movimentada, a Avenida Vasco da Gama.",https://drive.google.com/open?id=17gQtQrVgVI2r53NC946Tl5WhHzTnGvCq,,,,"0,85",Av. Anita Garibaldi,16,40
21/08/2023 21:07:10,Felipe Brust,Lucas Vinicius,19/08/2023,10:45:00,Av. Anita Garibaldi,Odontoméd. Itamaraty,Pça Lord Cochrane,ciclofaixa,"unidirecional, no fluxo dos automóveis",Mão única,No bordo esquerdo da via de mão única,70,3,"Sinalização com pintura, Tachas ou tachões",NENHUM ou QUASE NENHUM segregador dificultando invasão,Segregadores NÃO DIFICULTAM o acesso,,,,Não se aplica,Asfalto,"Pequenas imperfeições, como fissuras",O traçado é completamente reto,"Sombras em alguns trechos, SEM mudas novas",Nenhuma situação de risco,0,0,0,0,0,0,0,0,"Bueiros, Desníveis",7,0,0,0,-1,0,8,,"1,2",25,"2,6","10,35",Estacionamento proibido na via,Nenhum elemento de controle de velocidade na via,0,0,0,0,0,0,continua de outra estrutura,continua em outra estrutura,3,0,0,"Apenas faixas vermelhas nas bordas, com travessias pintadas nos cruzamentos",Pintura APAGADA ou somente rastros de tinta,0,4,0,,0,12,Não existem,0,0,0,13,0,13:20:00,"Uma vez localizada no bordo esquerdo da via, talvez a estrutura pudesse correr pelo canteiro central e receber mais sombra.

Ao final do trecho, no semáforo a ciclofaixa troca de lado. A mudança é confusa porque já existe uma estrutura circundando a Praça, em frente e a pintura da travessia corre por dentro da faixa de pedestres e muito apagada.   ",https://drive.google.com/open?id=1ANB6dmoTS2GIfxJv3U-W9ptieXdLuopi,,,,"0,6",Av. Anita Garibaldi,16,41
21/08/2023 21:12:34,Felipe Brust,Lucas Vinicius ,19/08/2023,13:20:00,Av. Anita Garibaldi,Viaduto Cardeal,Monum. Cleriston Andrade  ,ciclofaixa,"unidirecional, no fluxo dos automóveis",Mão única,No bordo esquerdo da via de mão única,70,3,"Sinalização com pintura, Tachas ou tachões",NENHUM ou QUASE NENHUM segregador dificultando invasão,Segregadores NÃO DIFICULTAM o acesso,,,,Não se aplica,Asfalto,"Pequenas imperfeições, como fissuras",O traçado é muito sinuoso ou possui curvas com obstáculos que impedem visualização de entorno ou parte da estrutura,Não há árvores nem mudas,Trajeto de conversão permite invasão de automóvel de trecho de linha contínua da estrutura,0,0,8,0,0,0,0,8,"Bueiros, Desníveis",15,0,0,0,-1,0,0,,"1,3",25,"2,8","10,35",Estacionamento proibido na via,,2,0,0,0,0,0,continua de outra estrutura,continua em outra estrutura,9,0,6,"Apenas faixas vermelhas nas bordas, com travessias pintadas nos cruzamentos","A pintura é MUITO falha, mostrando muito asfalto",2,4,2,,0,11,Não existem,0,0,0,29,0,13:20:00,"Os cruzamentos com a via são, sem dúvida, os grandes obstáculos e risco constante para os ciclistas. Chegam a ter 130m e a atenção tem que ser redobrada. Uma via cheia de hospitais, clínicas, escolas, universidades, travessias de pedestre em que a velocidade de 70km/h é muito alta, com quase nenhum controle.",https://drive.google.com/open?id=1ytAEHi-c8p7CTnnc2Z-BSoXZ5OjCBFqU,,,,"1,5",Av. Anita Garibaldi,16,42
21/08/2023 21:23:01,Felipe Brust,Lucas Vinicius,19/08/2023,10:45:00,Av. Anita Garibaldi,leriston Andrade,Odontomédico Itamaraty ,ciclovia,"unidirecional, no fluxo dos automóveis",Mão única,No canteiro central,70,3,"Canteiros, Guias, Sinalização com pintura, Tachas ou tachões, Balizadores",Poucos trechos SEM segregadores dificultando invasão,Segregadores DIFICULTAM o acesso parcialmente,6,3,0,,Concreto,Buracos grandes que demandam saída a estrutura,O traçado é muito sinuoso ou possui curvas com obstáculos que impedem visualização de entorno ou parte da estrutura,"Sombras em alguns trechos, SEM mudas novas",Trajeto de conversão permite invasão de automóvel de trecho de linha contínua da estrutura,0,0,2,0,0,0,0,2,"Raízes, Buracos, Desníveis",0,2,2,0,-1,0,5,,"1,25",0,"2,8","10,15",Estacionamento proibido na via,Nenhum elemento de controle de velocidade na via,0,0,0,0,0,0,continua de outra estrutura,continua em outra estrutura,0,0,2,Toda área de circulação pintada de vermelho,A pintura é falha em VÁRIOS pontos,0,1,1,Não existem,0,0,Não existem,0,0,8,0,6,13:20:00,"A ciclofaixa encontra a ciclovia do canteiro central que seguem paralelas. O acesso à essa estrutura, densamente arborizada e sombreada, poderia ter sido realizada, pelo menos, 300 metros antes, evitando assim a travessia por uma estacionamento, liberando a faixa de rolamento. 

Manutenção precária e travessia de um semáforo pela faixa de pedestre, sem pintura trazem riscos ao ciclista.
",https://drive.google.com/open?id=1juZFla05Vo9998IX7HBLlsL8ZUI4pXP2,,,,"0,26",Av. Anita Garibaldi,16,43
21/08/2023 21:29:17,Felipe Brust,Lucas Vinicius ,19/08/2023,10:45:00,aV. Anita Garibaldi,Hosp. Mater Dei,Viaduto Cardeal da Silva,ciclofaixa,"unidirecional, no fluxo dos automóveis",Mão única,No bordo direito da via de mão única,70,3,"Sinalização com pintura, Mureta",Poucos trechos SEM segregadores dificultando invasão,Segregadores DIFICULTAM o acesso parcialmente,,,,Não se aplica,Concreto,"Pequenas imperfeições, como fissuras",O traçado é completamente reto,Não há árvores nem mudas,"Paradas de ônibus ao longo, Trajeto de conversão permite invasão de automóvel de trecho de linha contínua da estrutura, Troca lado da estrutura sem redutores de velocidade ou semáforos",1,0,2,1,0,0,0,4,"Desníveis, Guia e canteiro",0,0,0,0,-1,-1,2,,"1,05",20,"2,65","10,25",Estacionamento proibido na via,Nenhum elemento de controle de velocidade na via,0,0,0,0,0,0,não,continua em outra estrutura,0,0,2,Pintada de vermelho com interrupções,"A pintura está boa, COMPLETA e visível",0,0,3,Não existem,0,0,Não existem,0,0,0,0,6,13:20:00,"A ciclofaixa tem início num aclive muito acentuado numa via que foi recentemente requalificada com a inserção de um viaduto sobre a Av. Vasco da Gama, fruto da implantação do complexo viário do BRT.

O trecho da ciclofaixa é interrompido repentinamente sem qualquer sinalização numa travessia de entrada para um enorme condomínio de prédios. No trajeto natural da estrutura um canteiro com guia alta é obstáculo para o ciclista. Nova travessia de saída desse condomínio requer atenção com uma parada de ônibus em seguida.

Embaixo do viaduto, sem qualquer sinalização, a ciclofaixa troca de lado da via. Numa curva com baixíssima visibilidade e abastecida pela saída do condomínio, do acesso da Av. Vasco da Gama e do viaduto do BRT. Numa via de 70km/h, em curva, sem redutores, semáforos ou sinalização, é uma travessia impossível",https://drive.google.com/open?id=1mldFHI3fnlAP_4zgUeGPNu4wem0EnTRb,,,,"0,28",Av. Anita Garibaldi,16,44
24/08/2023 06:51:20,Lucas Vinicius,Felipe Brust,19/08/2023,10:45:00,Av. Anita Garibaldi,Av. Vasco da Gama,Pça Lord Cochrane,ciclofaixa,"unidirecional, no fluxo dos automóveis",Mão única,No bordo direito da via de mão única,70,2,"Sinalização com pintura, Tachas ou tachões",NENHUM ou QUASE NENHUM segregador dificultando invasão,Segregadores NÃO DIFICULTAM o acesso,,,,Não se aplica,Asfalto,Irregularidades que demandam desvio para circulação,"O traçado é sinuoso, exigindo atenção",Não há árvores nem mudas,Paradas de ônibus ao longo,1,0,0,0,0,0,0,1,"Bueiros, Desníveis, Água empoçada, com muita lama no trecho.",1,0,0,0,-1,1,3,,"1,2",25,"2,7","10,5","Estacionamento dedicado de um lado, segregado da circulação",,1,0,0,0,0,0,não,continua em outra estrutura,0,0,2,"Apenas faixas vermelhas nas bordas, com travessias pintadas nos cruzamentos",Pintura APAGADA ou somente rastros de tinta,0,2,0,,0,4,Não existem,0,0,0,11,7,13:20:00,"O trecho avaliado começa na alça de saída da Av. Vasco da Gama em direção à Pça Lord Cochrane. Existe um estacionamento ao longo da ciclofaixa com muitas oficinas e lava jatos, trazendo risco ao ciclista. Muita lama e poças d’água.

Ao final do trecho, no semáforo a ciclofaixa troca de lado. A mudança é confusa porque a pintura da travessia corre por dentro da faixa de pedestres e muito apagada.   

O ciclista precisa ainda atravessar duas faixas de pedestre, para só então alcançar a Pça Lord Cochrane. São muitos semáforos e muitas estruturas com pinturas apagadas ou sem sinalização.
",https://drive.google.com/open?id=1eweqbY3kRtRCaNjqdwp5DrAbqcB-1OJx,,,,,Av. Anita Garibaldi,16,45
24/08/2023 06:59:00,Lucas Vinicius,Felipe Brust,19/08/2023,10:45:00,Av. Anita Garibaldi,Pça Lord Cochrane,Viaduto Cardeal da Silva,ciclofaixa,"unidirecional, no fluxo dos automóveis",Mão única,No bordo direito da via de mão única,70,3,"Sinalização com pintura, Tachas ou tachões",NENHUM ou QUASE NENHUM segregador dificultando invasão,Segregadores NÃO DIFICULTAM o acesso,,,,Não se aplica,Asfalto,"Pequenas imperfeições, como fissuras","O traçado é muito sinuoso, podendo causa colisões com obstáculos ou outros ciclistas em momento de ultrapassagem","Sombras em alguns trechos, SEM mudas novas",Trajeto de conversão permite invasão de automóvel de trecho de linha contínua da estrutura,0,0,8,0,0,0,0,8,"Bueiros, Valas profundas ao longo da estrutura, Desníveis, Galhos",44,0,0,1,-1,2,48,50,"1,15",25,"2,6","10,15",Estacionamento proibido na via,,3,0,0,0,1,0,continua de outra estrutura,continua em outra estrutura,6,0,8,"Apenas faixas vermelhas nas bordas, com travessias pintadas nos cruzamentos",A pintura é falha em VÁRIOS pontos,4,3,1,,12,33,Não existem,0,0,0,51,4,13:20:00,"O trecho circunda a Praça, mas não tem ligação com o fluxo em direção à orla. Não existe uma travessia sinalizada e o tráfego é intenso. Nesse caso, a ciclofaixa nem teria sentido em existir, já que existe uma ciclovia interna na praça, que corre paralela à estrutura. Um semáforo, há cerca de 60m é uma alternativa para cruzar a via com segurança. Mas para retomar o trajeto na estrutura, é preciso trafegar pelo contrafluxo ou pelo canteiro.
 
Os cruzamentos com a via são os grandes obstáculos e risco constante para os ciclistas. Uma via cheia de hospitais, clínicas, escolas, universidades, travessias de pedestre. Talvez a estrutura pudesse explorar mais o canteiro central para aproveitamento da sombra e segregar a relação íntima com a velocidade de 70km/h com quase nenhum controle. 


Ao final do trecho embaixo do viaduto, sem qualquer sinalização, a estrutura acaba repentinamente. E uma placa de proibido tráfego de bicicletas deixa dúvidas se se refere à obra recém acabada na via e foi esquecida ou se realmente o tráfego é proibido, já que a estrutura troca de lado em mais uma travessia impossível, sem redutores, semáforos ou sinalização.",https://drive.google.com/open?id=1MvHH1Tt-H0aH65B0QnZOxhn72vu0ThPP,,,,,Av. Anita Garibaldi,16,46
24/08/2023 07:06:32,Lucas Vinicius,Felipe Brust,19/08/2023,10:45:00,Av. Anita Garibaldi,Viaduto Cardeal da Silva,Av. Vasco da Gama,ciclofaixa,"unidirecional, no fluxo dos automóveis",Mão única,No bordo direito da via de mão única,50,2,Não há,NENHUM ou QUASE NENHUM segregador dificultando invasão,Segregadores NÃO DIFICULTAM o acesso,,,,Não se aplica,Asfalto,"Pequenas imperfeições, como fissuras",O traçado é completamente reto,Não há árvores nem mudas,Nenhuma situação de risco,0,0,0,0,0,0,0,0,"Bueiros, Desníveis",3,0,0,0,-1,0,4,,"1,15",25,"2,6","10,15",Estacionamento proibido na via,,1,0,0,0,0,0,continua de outra estrutura,continua em outra estrutura,0,0,0,"Apenas faixas vermelhas nas bordas, com travessias pintadas nos cruzamentos",Pintura APAGADA ou somente rastros de tinta,0,0,0,Não existem,0,0,Não existem,0,0,0,0,5,13:20:00,"Possivelmente, depois de recente recapeamento a ciclofaixa não foi pintada. ",https://drive.google.com/open?id=1sRxRYCO8JCEzVDrR-O3TLSGvNAir-pSM,,,,,Av. Anita Garibaldi,16,47